Date,Close
01/04/2016 16:00,223.41
01/05/2016 16:00,223.43
01/06/2016 16:00,219.04
01/07/2016 16:00,215.65
01/08/2016 16:00,211
01/11/2016 16:00,207.85
01/12/2016 16:00,209.97
1/13/2016 16:00:00,200.31
1/14/2016 16:00:00,206.18
1/15/2016 16:00:00,204.99
1/19/2016 16:00:00,204.72
1/20/2016 16:00:00,198.7
1/21/2016 16:00:00,199.97
1/22/2016 16:00:00,202.55
1/25/2016 16:00:00,196.38
1/26/2016 16:00:00,193.56
1/27/2016 16:00:00,188.07
1/28/2016 16:00:00,189.7
1/29/2016 16:00:00,191.2
02/01/2016 16:00,196.94
02/02/2016 16:00,182.78
02/03/2016 16:00,173.48
02/04/2016 16:00,175.33
02/05/2016 16:00,162.6
02/08/2016 16:00,147.99
02/09/2016 16:00,148.25
02/10/2016 16:00,143.67
02/11/2016 16:00,150.47
02/12/2016 16:00,151.04
2/16/2016 16:00:00,155.17
2/17/2016 16:00:00,168.68
2/18/2016 16:00:00,166.77
2/19/2016 16:00:00,166.58
2/22/2016 16:00:00,177.74
2/23/2016 16:00:00,177.21
2/24/2016 16:00:00,179
2/25/2016 16:00:00,187.43
2/26/2016 16:00:00,190.34
2/29/2016 16:00:00,191.93
03/01/2016 16:00,186.35
03/02/2016 16:00,188.34
03/03/2016 16:00,195.74
03/04/2016 16:00,201.04
03/07/2016 16:00,205.29
03/08/2016 16:00,202.6
03/09/2016 16:00,208.72
03/10/2016 16:00,205.18
03/11/2016 16:00,207.5
3/14/2016 16:00:00,215.15
3/15/2016 16:00:00,218.34
3/16/2016 16:00:00,221.93
3/17/2016 16:00:00,226.38
3/18/2016 16:00:00,232.74
3/21/2016 16:00:00,238.32
3/22/2016 16:00:00,234.24
3/23/2016 16:00:00,222.58
3/24/2016 16:00:00,227.75
3/28/2016 16:00:00,230.26
3/29/2016 16:00:00,230.13
3/30/2016 16:00:00,226.89
3/31/2016 16:00:00,229.77
04/01/2016 16:00,237.59
04/04/2016 16:00,246.99
04/05/2016 16:00,255.47
04/06/2016 16:00,265.42
04/07/2016 16:00,257.2
04/08/2016 16:00,250.07
04/11/2016 16:00,249.92
04/12/2016 16:00,247.82
4/13/2016 16:00:00,254.53
4/14/2016 16:00:00,251.86
4/15/2016 16:00:00,254.51
4/18/2016 16:00:00,253.88
4/19/2016 16:00:00,247.37
4/20/2016 16:00:00,249.97
4/21/2016 16:00:00,248.29
4/22/2016 16:00:00,253.75
4/25/2016 16:00:00,251.82
4/26/2016 16:00:00,253.74
4/27/2016 16:00:00,251.47
4/28/2016 16:00:00,247.71
4/29/2016 16:00:00,240.76
05/02/2016 16:00,241.8
05/03/2016 16:00,232.32
05/04/2016 16:00,222.56
05/05/2016 16:00,211.53
05/06/2016 16:00,214.93
05/09/2016 16:00,208.92
05/10/2016 16:00,208.69
05/11/2016 16:00,208.96
05/12/2016 16:00,207.28
5/13/2016 16:00:00,207.61
5/16/2016 16:00:00,208.29
5/17/2016 16:00:00,204.66
5/18/2016 16:00:00,211.17
5/19/2016 16:00:00,215.21
5/20/2016 16:00:00,220.28
5/23/2016 16:00:00,216.22
5/24/2016 16:00:00,217.91
5/25/2016 16:00:00,219.58
5/26/2016 16:00:00,225.12
5/27/2016 16:00:00,223.04
5/31/2016 16:00:00,223.23
06/01/2016 16:00,219.56
06/02/2016 16:00,218.96
06/03/2016 16:00,218.99
06/06/2016 16:00,220.68
06/07/2016 16:00,232.34
06/08/2016 16:00,235.52
06/09/2016 16:00,229.36
06/10/2016 16:00,218.79
6/13/2016 16:00:00,217.87
6/14/2016 16:00:00,214.96
6/15/2016 16:00:00,217.7
6/16/2016 16:00:00,217.93
6/17/2016 16:00:00,215.47
6/20/2016 16:00:00,219.7
6/21/2016 16:00:00,219.61
6/22/2016 16:00:00,196.66
6/23/2016 16:00:00,196.4
6/24/2016 16:00:00,193.15
6/27/2016 16:00:00,198.55
6/28/2016 16:00:00,201.79
6/29/2016 16:00:00,210.19
6/30/2016 16:00:00,212.28
07/01/2016 16:00,216.5
07/05/2016 16:00,213.98
07/06/2016 16:00,214.44
07/07/2016 16:00,215.94
07/08/2016 16:00,216.78
07/11/2016 16:00,224.78
07/12/2016 16:00,224.65
7/13/2016 16:00:00,222.53
7/14/2016 16:00:00,221.53
7/15/2016 16:00:00,220.4
7/18/2016 16:00:00,226.25
7/19/2016 16:00:00,225.26
7/20/2016 16:00:00,228.36
7/21/2016 16:00:00,220.5
7/22/2016 16:00:00,222.27
7/25/2016 16:00:00,230.01
7/26/2016 16:00:00,229.51
7/27/2016 16:00:00,228.49
7/28/2016 16:00:00,230.61
7/29/2016 16:00:00,234.79
08/01/2016 16:00,230.01
08/02/2016 16:00,227.2
08/03/2016 16:00,225.79
08/04/2016 16:00,230.61
08/05/2016 16:00,230.03
08/08/2016 16:00,226.16
08/09/2016 16:00,229.08
08/10/2016 16:00,225.65
08/11/2016 16:00,224.91
08/12/2016 16:00,225.61
8/15/2016 16:00:00,225.59
8/16/2016 16:00:00,223.61
8/17/2016 16:00:00,223.24
8/18/2016 16:00:00,223.51
8/19/2016 16:00:00,225
8/22/2016 16:00:00,222.93
8/23/2016 16:00:00,224.84
8/24/2016 16:00:00,222.62
8/25/2016 16:00:00,220.96
8/26/2016 16:00:00,219.99
8/29/2016 16:00:00,215.2
8/30/2016 16:00:00,211.34
8/31/2016 16:00:00,212.01
09/01/2016 16:00,200.77
09/02/2016 16:00,197.78
09/06/2016 16:00,202.83
09/07/2016 16:00,201.71
09/08/2016 16:00,197.36
09/09/2016 16:00,194.47
09/12/2016 16:00,198.3
9/13/2016 16:00:00,196.05
9/14/2016 16:00:00,196.41
9/15/2016 16:00:00,200.42
9/16/2016 16:00:00,205.4
9/19/2016 16:00:00,206.34
9/20/2016 16:00:00,204.64
9/21/2016 16:00:00,205.22
9/22/2016 16:00:00,206.43
9/23/2016 16:00:00,207.45
9/26/2016 16:00:00,208.99
9/27/2016 16:00:00,205.81
9/28/2016 16:00:00,206.27
9/29/2016 16:00:00,200.7
9/30/2016 16:00:00,204.03
10/03/2016 16:00,213.7
10/04/2016 16:00,211.41
10/05/2016 16:00,208.46
10/06/2016 16:00,201
10/07/2016 16:00,196.61
10/10/2016 16:00,200.95
10/11/2016 16:00,200.1
10/12/2016 16:00,201.51
10/13/2016 16:00:00,200.24
10/14/2016 16:00:00,196.51
10/17/2016 16:00:00,193.96
10/18/2016 16:00:00,199.1
10/19/2016 16:00:00,203.56
10/20/2016 16:00:00,199.1
10/21/2016 16:00:00,200.09
10/24/2016 16:00:00,202.76
10/25/2016 16:00:00,202.34
10/26/2016 16:00:00,202.24
10/27/2016 16:00:00,204.01
10/28/2016 16:00:00,199.97
10/31/2016 16:00:00,197.73
11/01/2016 16:00,190.79
11/02/2016 16:00,188.02
11/03/2016 16:00,187.42
11/04/2016 16:00,190.56
11/07/2016 16:00,193.21
11/08/2016 16:00,194.94
11/09/2016 16:00,190.06
11/10/2016 16:00,185.35
11/11/2016 16:00,188.56
11/14/2016 16:00:00,181.45
11/15/2016 16:00:00,183.77
11/16/2016 16:00:00,183.93
11/17/2016 16:00:00,188.66
11/18/2016 16:00:00,185.02
11/21/2016 16:00:00,184.52
11/22/2016 16:00:00,191.17
11/23/2016 16:00:00,193.14
11/25/2016 16:00:00,196.65
11/28/2016 16:00:00,196.12
11/29/2016 16:00:00,189.57
11/30/2016 16:00:00,189.4
12/01/2016 16:00,181.88
12/02/2016 16:00,181.47
12/05/2016 16:00,186.8
12/06/2016 16:00,185.85
12/07/2016 16:00,193.15
12/08/2016 16:00,192.29
12/09/2016 16:00,192.18
12/12/2016 16:00,192.43
12/13/2016 16:00:00,198.15
12/14/2016 16:00:00,198.69
12/15/2016 16:00:00,197.58
12/16/2016 16:00:00,202.49
12/19/2016 16:00:00,202.73
12/20/2016 16:00:00,208.79
12/21/2016 16:00:00,207.7
12/22/2016 16:00:00,208.45
12/23/2016 16:00:00,213.34
12/27/2016 16:00:00,219.53
12/28/2016 16:00:00,219.74
12/29/2016 16:00:00,214.68
12/30/2016 16:00:00,213.69
01/03/2017 16:00,216.99
01/04/2017 16:00,226.99
01/05/2017 16:00,226.75
01/06/2017 16:00,229.01
01/09/2017 16:00,231.28
01/10/2017 16:00,229.87
01/11/2017 16:00,229.73
01/12/2017 16:00,229.59
1/13/2017 16:00:00,237.75
1/17/2017 16:00:00,235.58
1/18/2017 16:00:00,238.36
1/19/2017 16:00:00,243.76
1/20/2017 16:00:00,244.73
1/23/2017 16:00:00,248.92
1/24/2017 16:00:00,254.61
1/25/2017 16:00:00,254.47
1/26/2017 16:00:00,252.51
1/27/2017 16:00:00,252.95
1/30/2017 16:00:00,250.63
1/31/2017 16:00:00,251.93
02/01/2017 16:00,249.24
02/02/2017 16:00,251.55
02/03/2017 16:00,251.33
02/06/2017 16:00,257.77
02/07/2017 16:00,257.48
02/08/2017 16:00,262.08
02/09/2017 16:00,269.2
02/10/2017 16:00,269.23
2/13/2017 16:00:00,280.6
2/14/2017 16:00:00,280.98
2/15/2017 16:00:00,279.76
2/16/2017 16:00:00,268.95
2/17/2017 16:00:00,272.23
2/21/2017 16:00:00,277.39
2/22/2017 16:00:00,273.51
2/23/2017 16:00:00,255.99
2/24/2017 16:00:00,257
2/27/2017 16:00:00,246.23
2/28/2017 16:00:00,249.99
03/01/2017 16:00,250.02
03/02/2017 16:00,250.48
03/03/2017 16:00,251.57
03/06/2017 16:00,251.21
03/07/2017 16:00,248.59
03/08/2017 16:00,246.87
03/09/2017 16:00,244.9
03/10/2017 16:00,243.69
3/13/2017 16:00:00,246.17
3/14/2017 16:00:00,258
3/15/2017 16:00:00,255.73
3/16/2017 16:00:00,262.05
3/17/2017 16:00:00,261.5
3/20/2017 16:00:00,261.92
3/21/2017 16:00:00,250.68
3/22/2017 16:00:00,255.01
3/23/2017 16:00:00,254.78
3/24/2017 16:00:00,263.16
3/27/2017 16:00:00,270.22
3/28/2017 16:00:00,277.45
3/29/2017 16:00:00,277.38
3/30/2017 16:00:00,277.92
3/31/2017 16:00:00,278.3
04/03/2017 16:00,298.52
04/04/2017 16:00,303.7
04/05/2017 16:00,295
04/06/2017 16:00,298.7
04/07/2017 16:00,302.54
04/10/2017 16:00,312.39
04/11/2017 16:00,308.71
04/12/2017 16:00,296.84
4/13/2017 16:00:00,304
4/17/2017 16:00:00,301.44
4/18/2017 16:00:00,300.25
4/19/2017 16:00:00,305.52
4/20/2017 16:00:00,302.51
4/21/2017 16:00:00,305.6
4/24/2017 16:00:00,308.03
4/25/2017 16:00:00,313.79
4/26/2017 16:00:00,310.17
4/27/2017 16:00:00,308.63
4/28/2017 16:00:00,314.07
05/01/2017 16:00,322.83
05/02/2017 16:00,318.89
05/03/2017 16:00,311.02
05/04/2017 16:00,295.46
05/05/2017 16:00,308.35
05/08/2017 16:00,307.19
05/09/2017 16:00,321.26
05/10/2017 16:00,325.22
05/11/2017 16:00,323.1
05/12/2017 16:00,324.81
5/15/2017 16:00:00,315.88
5/16/2017 16:00:00,317.01
5/17/2017 16:00:00,306.11
5/18/2017 16:00:00,313.06
5/19/2017 16:00:00,310.83
5/22/2017 16:00:00,310.35
5/23/2017 16:00:00,303.86
5/24/2017 16:00:00,310.22
5/25/2017 16:00:00,316.83
5/26/2017 16:00:00,325.14
5/30/2017 16:00:00,335.1
5/31/2017 16:00:00,341.01
06/01/2017 16:00,340.37
06/02/2017 16:00,339.85
06/05/2017 16:00,347.32
06/06/2017 16:00,352.85
06/07/2017 16:00,359.65
06/08/2017 16:00,370
06/09/2017 16:00,357.32
06/12/2017 16:00,359.01
6/13/2017 16:00:00,375.95
6/14/2017 16:00:00,380.66
6/15/2017 16:00:00,375.34
6/16/2017 16:00:00,371.4
6/19/2017 16:00:00,369.8
6/20/2017 16:00:00,372.24
6/21/2017 16:00:00,376.4
6/22/2017 16:00:00,382.61
6/23/2017 16:00:00,383.45
6/26/2017 16:00:00,377.49
6/27/2017 16:00:00,362.37
6/28/2017 16:00:00,371.24
6/29/2017 16:00:00,360.75
6/30/2017 16:00:00,361.61
07/03/2017 16:00,352.62
07/05/2017 16:00,327.09
07/06/2017 16:00,308.83
07/07/2017 16:00,313.22
07/10/2017 16:00,316.05
07/11/2017 16:00,327.22
07/12/2017 16:00,329.52
7/13/2017 16:00:00,323.41
7/14/2017 16:00:00,327.78
7/17/2017 16:00:00,319.57
7/18/2017 16:00:00,328.24
7/19/2017 16:00:00,325.26
7/20/2017 16:00:00,329.92
7/21/2017 16:00:00,328.4
7/24/2017 16:00:00,342.52
7/25/2017 16:00:00,339.6
7/26/2017 16:00:00,343.85
7/27/2017 16:00:00,334.46
7/28/2017 16:00:00,335.07
7/31/2017 16:00:00,323.47
08/01/2017 16:00,319.57
08/02/2017 16:00,325.89
08/03/2017 16:00,347.09
08/04/2017 16:00,356.91
08/07/2017 16:00,355.17
08/08/2017 16:00,365.22
08/09/2017 16:00,363.53
08/10/2017 16:00,355.4
08/11/2017 16:00,357.87
8/14/2017 16:00:00,363.8
8/15/2017 16:00:00,362.33
8/16/2017 16:00:00,362.91
8/17/2017 16:00:00,351.92
8/18/2017 16:00:00,347.46
8/21/2017 16:00:00,337.86
8/22/2017 16:00:00,341.35
8/23/2017 16:00:00,352.77
8/24/2017 16:00:00,352.93
8/25/2017 16:00:00,348.05
8/28/2017 16:00:00,345.66
8/29/2017 16:00:00,347.36
8/30/2017 16:00:00,353.18
8/31/2017 16:00:00,355.9
09/01/2017 16:00,355.4
09/05/2017 16:00,349.59
09/06/2017 16:00,344.53
09/07/2017 16:00,350.61
09/08/2017 16:00,343.4
09/11/2017 16:00,363.69
09/12/2017 16:00,362.75
9/13/2017 16:00:00,366.23
9/14/2017 16:00:00,377.64
9/15/2017 16:00:00,379.81
9/18/2017 16:00:00,385
9/19/2017 16:00:00,375.1
9/20/2017 16:00:00,373.91
9/21/2017 16:00:00,366.48
9/22/2017 16:00:00,351.09
9/25/2017 16:00:00,344.99
9/26/2017 16:00:00,345.25
9/27/2017 16:00:00,340.97
9/28/2017 16:00:00,339.6
9/29/2017 16:00:00,341.1
10/02/2017 16:00,341.53
10/03/2017 16:00,348.14
10/04/2017 16:00,355.01
10/05/2017 16:00,355.33
10/06/2017 16:00,356.88
10/09/2017 16:00,342.94
10/10/2017 16:00,355.59
10/11/2017 16:00,354.6
10/12/2017 16:00,355.68
10/13/2017 16:00:00,355.57
10/16/2017 16:00:00,350.6
10/17/2017 16:00:00,355.75
10/18/2017 16:00:00,359.65
10/19/2017 16:00:00,351.81
10/20/2017 16:00:00,345.1
10/23/2017 16:00:00,337.02
10/24/2017 16:00:00,337.34
10/25/2017 16:00:00,325.84
10/26/2017 16:00:00,326.17
10/27/2017 16:00:00,320.87
10/30/2017 16:00:00,320.08
10/31/2017 16:00:00,331.53
11/01/2017 16:00,321.08
11/02/2017 16:00,299.26
11/03/2017 16:00,306.09
11/06/2017 16:00,302.78
11/07/2017 16:00,306.05
11/08/2017 16:00,304.39
11/09/2017 16:00,302.99
11/10/2017 16:00,302.99
11/13/2017 16:00:00,315.4
11/14/2017 16:00:00,308.7
11/15/2017 16:00:00,311.3
11/16/2017 16:00:00,312.5
11/17/2017 16:00:00,315.05
11/20/2017 16:00:00,308.74
11/21/2017 16:00:00,317.81
11/22/2017 16:00:00,312.6
11/24/2017 13:00:00,315.55
11/27/2017 16:00:00,316.81
11/28/2017 16:00:00,317.55
11/29/2017 16:00:00,307.54
11/30/2017 16:00:00,308.85
12/01/2017 16:00,306.53
12/04/2017 16:00,305.2
12/05/2017 16:00,303.7
12/06/2017 16:00,313.26
12/07/2017 16:00,311.24
12/08/2017 16:00,315.13
12/11/2017 16:00,328.91
12/12/2017 16:00,341.03
12/13/2017 16:00:00,339.03
12/14/2017 16:00:00,337.89
12/15/2017 16:00:00,343.45
12/18/2017 16:00:00,338.87
12/19/2017 16:00:00,331.1
12/20/2017 16:00:00,328.98
12/21/2017 16:00:00,331.66
12/22/2017 16:00:00,325.2
12/26/2017 16:00:00,317.29
12/27/2017 16:00:00,311.64
12/28/2017 16:00:00,315.36
12/29/2017 16:00:00,311.35
01/02/2018 16:00,320.53
01/03/2018 16:00,317.25
01/04/2018 16:00,314.62
01/05/2018 16:00,316.58
01/08/2018 16:00,336.41
01/09/2018 16:00,333.69
01/10/2018 16:00,334.8
01/11/2018 16:00,337.95
01/12/2018 16:00,336.22
1/16/2018 16:00:00,340.06
1/17/2018 16:00:00,347.16
1/18/2018 16:00:00,344.57
1/19/2018 16:00:00,350.02
1/22/2018 16:00:00,351.56
1/23/2018 16:00:00,352.79
1/24/2018 16:00:00,345.89
1/25/2018 16:00:00,337.64
1/26/2018 16:00:00,342.85
1/29/2018 16:00:00,349.53
1/30/2018 16:00:00,345.82
1/31/2018 16:00:00,354.31
02/01/2018 16:00,349.25
02/02/2018 16:00,343.75
02/05/2018 16:00,333.13
02/06/2018 16:00,333.97
02/07/2018 16:00,345
02/08/2018 16:00,315.23
02/09/2018 16:00,310.42
02/12/2018 16:00,315.73
2/13/2018 16:00:00,323.66
2/14/2018 16:00:00,322.31
2/15/2018 16:00:00,334.07
2/16/2018 16:00:00,335.49
2/20/2018 16:00:00,334.77
2/21/2018 16:00:00,333.3
2/22/2018 16:00:00,346.17
2/23/2018 16:00:00,352.05
2/26/2018 16:00:00,357.42
2/27/2018 16:00:00,350.99
2/28/2018 16:00:00,343.06
03/01/2018 16:00,330.93
03/02/2018 16:00,335.12
03/05/2018 16:00,333.35
03/06/2018 16:00,328.2
03/07/2018 16:00,332.3
03/08/2018 16:00,329.1
03/09/2018 16:00,327.17
03/12/2018 16:00,345.51
3/13/2018 16:00:00,341.84
3/14/2018 16:00:00,326.63
3/15/2018 16:00:00,325.6
3/16/2018 16:00:00,321.35
3/19/2018 16:00:00,313.56
3/20/2018 16:00:00,310.55
3/21/2018 16:00:00,316.53
3/22/2018 16:00:00,309.1
3/23/2018 16:00:00,301.54
3/26/2018 16:00:00,304.18
3/27/2018 16:00:00,279.18
3/28/2018 16:00:00,257.78
3/29/2018 16:00:00,266.13
04/02/2018 16:00,252.48
04/03/2018 16:00,267.53
04/04/2018 16:00,286.94
04/05/2018 16:00,305.72
04/06/2018 16:00,299.3
04/09/2018 16:00,289.66
04/10/2018 16:00,304.7
04/11/2018 16:00,300.93
04/12/2018 16:00,294.08
4/13/2018 16:00:00,300.34
4/16/2018 16:00:00,291.21
4/17/2018 16:00:00,291.21
4/18/2018 16:00:00,293.35
4/19/2018 16:00:00,300.08
4/20/2018 16:00:00,290.24
4/23/2018 16:00:00,283.37
4/24/2018 16:00:00,283.46
4/25/2018 16:00:00,280.69
4/26/2018 16:00:00,285.48
4/27/2018 16:00:00,294.08
4/30/2018 16:00:00,293.9
05/01/2018 16:00,299.92
05/02/2018 16:00,301.15
05/03/2018 16:00,284.45
05/04/2018 16:00,294.09
05/07/2018 16:00,302.77
05/08/2018 16:00,301.97
05/09/2018 16:00,306.85
05/10/2018 16:00,305.02
05/11/2018 16:00,301.06
5/14/2018 16:00:00,291.97
5/15/2018 16:00:00,284.18
5/16/2018 16:00:00,286.48
5/17/2018 16:00:00,284.54
5/18/2018 16:00:00,284.54
5/21/2018 16:00:00,284.49
5/22/2018 16:00:00,275.01
5/23/2018 16:00:00,279.07
5/24/2018 16:00:00,277.85
5/25/2018 16:00:00,278.85
5/29/2018 16:00:00,283.76
5/30/2018 16:00:00,291.72
5/31/2018 16:00:00,284.73
06/01/2018 16:00,291.82
06/04/2018 16:00,296.74
06/05/2018 16:00,291.13
06/06/2018 16:00,319.5
06/07/2018 16:00,316.09
06/08/2018 16:00,317.66
06/11/2018 16:00,332.1
06/12/2018 16:00,342.77
6/13/2018 16:00:00,344.78
6/14/2018 16:00:00,357.72
6/15/2018 16:00:00,358.17
6/18/2018 16:00:00,370.83
6/19/2018 16:00:00,352.55
6/20/2018 16:00:00,362.22
6/21/2018 16:00:00,347.51
6/22/2018 16:00:00,333.63
6/25/2018 16:00:00,333.01
6/26/2018 16:00:00,342
6/27/2018 16:00:00,344.5
6/28/2018 16:00:00,349.93
6/29/2018 16:00:00,342.95
07/02/2018 16:00,335.07
07/03/2018 13:00,310.86
07/05/2018 16:00,309.16
07/06/2018 16:00,308.9
07/09/2018 16:00,318.51
07/10/2018 16:00,322.47
07/11/2018 16:00,318.96
07/12/2018 16:00,316.71
7/13/2018 16:00:00,318.87
7/16/2018 16:00:00,310.1
7/17/2018 16:00:00,322.69
7/18/2018 16:00:00,323.85
7/19/2018 16:00:00,320.23
7/20/2018 16:00:00,313.58
7/23/2018 16:00:00,303.2
7/24/2018 16:00:00,297.43
7/25/2018 16:00:00,308.74
7/26/2018 16:00:00,306.65
7/27/2018 16:00:00,297.18
7/30/2018 16:00:00,290.17
7/31/2018 16:00:00,298.14
08/01/2018 16:00,300.84
08/02/2018 16:00,349.54
08/03/2018 16:00,348.17
08/06/2018 16:00,341.99
08/07/2018 16:00,379.57
08/08/2018 16:00,370.34
08/09/2018 16:00,352.45
08/10/2018 16:00,355.49
8/13/2018 16:00:00,356.41
8/14/2018 16:00:00,347.64
8/15/2018 16:00:00,338.69
8/16/2018 16:00:00,335.45
8/17/2018 16:00:00,305.5
8/20/2018 16:00:00,308.44
8/21/2018 16:00:00,321.9
8/22/2018 16:00:00,321.64
8/23/2018 16:00:00,320.1
8/24/2018 16:00:00,322.82
8/27/2018 16:00:00,319.27
8/28/2018 16:00:00,311.86
8/29/2018 16:00:00,305.01
8/30/2018 16:00:00,303.15
8/31/2018 16:00:00,301.66
09/04/2018 16:00,288.95
09/05/2018 16:00,280.74
09/06/2018 16:00,280.95
09/07/2018 16:00,263.24
09/10/2018 16:00,285.5
09/11/2018 16:00,279.44
09/12/2018 16:00,290.54
9/13/2018 16:00:00,289.46
9/14/2018 16:00:00,295.2
9/17/2018 16:00:00,294.84
9/18/2018 16:00:00,284.96
9/19/2018 16:00:00,299.02
9/20/2018 16:00:00,298.33
9/21/2018 16:00:00,299.1
9/24/2018 16:00:00,299.68
9/25/2018 16:00:00,300.99
9/26/2018 16:00:00,309.58
9/27/2018 16:00:00,307.52
9/28/2018 16:00:00,264.77
10/01/2018 16:00,310.7
10/02/2018 16:00,301.02
10/03/2018 16:00,294.8
10/04/2018 16:00,281.83
10/05/2018 16:00,261.95
10/08/2018 16:00,250.56
10/09/2018 16:00,262.8
10/10/2018 16:00,256.88
10/11/2018 16:00,252.23
10/12/2018 16:00,258.78
10/15/2018 16:00:00,259.59
10/16/2018 16:00:00,276.59
10/17/2018 16:00:00,271.78
10/18/2018 16:00:00,263.91
10/19/2018 16:00:00,260
10/22/2018 16:00:00,260.95
10/23/2018 16:00:00,294.14
10/24/2018 16:00:00,288.5
10/25/2018 16:00:00,314.86
10/26/2018 16:00:00,330.9
10/29/2018 16:00:00,334.85
10/30/2018 16:00:00,329.9
10/31/2018 16:00:00,337.32
11/01/2018 16:00,344.28
11/02/2018 16:00,346.41
11/05/2018 16:00,341.4
11/06/2018 16:00,341.06
11/07/2018 16:00,348.16
11/08/2018 16:00,351.4
11/09/2018 16:00,350.51
11/12/2018 16:00,331.28
11/13/2018 16:00:00,338.73
11/14/2018 16:00:00,344
11/15/2018 16:00:00,348.44
11/16/2018 16:00:00,354.31
11/19/2018 16:00:00,353.47
11/20/2018 16:00:00,347.49
11/21/2018 16:00:00,338.19
11/23/2018 13:00:00,325.83
11/26/2018 16:00:00,346
11/27/2018 16:00:00,343.92
11/28/2018 16:00:00,347.87
11/29/2018 16:00:00,341.17
11/30/2018 16:00:00,350.48
12/03/2018 16:00,358.49
12/04/2018 16:00,359.7
12/06/2018 16:00,363.06
12/07/2018 16:00,357.97
12/10/2018 16:00,365.15
12/11/2018 16:00,366.76
12/12/2018 16:00,366.6
12/13/2018 16:00:00,376.79
12/14/2018 16:00:00,365.71
12/17/2018 16:00:00,348.42
12/18/2018 16:00:00,337.03
12/19/2018 16:00:00,332.97
12/20/2018 16:00:00,315.38
12/21/2018 16:00:00,319.77
12/24/2018 13:00:00,295.39
12/26/2018 16:00:00,326.09
12/27/2018 16:00:00,316.13
12/28/2018 16:00:00,333.87
12/31/2018 16:00:00,332.8
01/02/2019 16:00,310.12
01/03/2019 16:00,300.36
01/04/2019 16:00,317.69
01/07/2019 16:00,334.96
01/08/2019 16:00,335.35
01/09/2019 16:00,338.53
01/10/2019 16:00,344.97
01/11/2019 16:00,347.26
1/14/2019 16:00:00,334.4
1/15/2019 16:00:00,344.43
1/16/2019 16:00:00,346.05
1/17/2019 16:00:00,347.31
1/18/2019 16:00:00,302.26
1/22/2019 16:00:00,298.92
1/23/2019 16:00:00,287.59
1/24/2019 16:00:00,291.51
1/25/2019 16:00:00,297.04
1/28/2019 16:00:00,296.38
1/29/2019 16:00:00,297.46
1/30/2019 16:00:00,308.77
1/31/2019 16:00:00,307.02
02/01/2019 16:00,312.21
02/04/2019 16:00,312.89
02/05/2019 16:00,321.35
02/06/2019 16:00,317.22
02/07/2019 16:00,307.51
02/08/2019 16:00,305.8
02/11/2019 16:00,312.84
02/12/2019 16:00,311.81
2/13/2019 16:00:00,308.17
2/14/2019 16:00:00,303.77
2/15/2019 16:00:00,307.88
2/19/2019 16:00:00,305.64
2/20/2019 16:00:00,302.56
2/21/2019 16:00:00,291.23
2/22/2019 16:00:00,294.71
2/25/2019 16:00:00,298.77
2/26/2019 16:00:00,297.86
2/27/2019 16:00:00,314.74
2/28/2019 16:00:00,319.88
03/01/2019 16:00,294.79
03/04/2019 16:00,285.36
03/05/2019 16:00,276.54
03/06/2019 16:00,276.24
03/07/2019 16:00,276.59
03/08/2019 16:00,284.14
03/11/2019 16:00,290.92
03/12/2019 16:00,283.36
3/13/2019 16:00:00,288.96
3/14/2019 16:00:00,289.96
3/15/2019 16:00:00,275.43
3/18/2019 16:00:00,269.49
3/19/2019 16:00:00,267.47
3/20/2019 16:00:00,273.6
3/21/2019 16:00:00,274.02
3/22/2019 16:00:00,264.53
3/25/2019 16:00:00,260.42
3/26/2019 16:00:00,267.77
3/27/2019 16:00:00,274.83
3/28/2019 16:00:00,278.62
3/29/2019 16:00:00,279.86
04/01/2019 16:00,289.18
04/02/2019 16:00,285.88
04/03/2019 16:00,291.81
04/04/2019 16:00,267.78
04/05/2019 16:00,274.96
04/08/2019 16:00,273.2
04/09/2019 16:00,272.31
04/10/2019 16:00,276.06
04/11/2019 16:00,268.42
04/12/2019 16:00,267.7
4/15/2019 16:00:00,266.38
4/16/2019 16:00:00,273.36
4/17/2019 16:00:00,271.23
4/18/2019 16:00:00,273.26
4/22/2019 16:00:00,262.75
4/23/2019 16:00:00,263.9
4/24/2019 16:00:00,258.66
4/25/2019 16:00:00,247.63
4/26/2019 16:00:00,235.14
4/29/2019 16:00:00,241.47
4/30/2019 16:00:00,238.69
05/01/2019 16:00,234.01
05/02/2019 16:00,244.1
05/03/2019 16:00,255.03
05/06/2019 16:00,255.34
05/07/2019 16:00,247.06
05/08/2019 16:00,244.84
05/09/2019 16:00,241.98
05/10/2019 16:00,239.52
5/13/2019 16:00:00,227.01
5/14/2019 16:00:00,232.31
5/15/2019 16:00:00,231.95
5/16/2019 16:00:00,228.33
5/17/2019 16:00:00,211.03
5/20/2019 16:00:00,205.36
5/21/2019 16:00:00,205.08
5/22/2019 16:00:00,192.73
5/23/2019 16:00:00,195.49
5/24/2019 16:00:00,190.63
5/28/2019 16:00:00,188.7
5/29/2019 16:00:00,189.86
5/30/2019 16:00:00,188.22
5/31/2019 16:00:00,185.16
06/03/2019 16:00,178.97
06/04/2019 16:00,193.6
06/05/2019 16:00,196.59
06/06/2019 16:00,205.95
06/07/2019 16:00,204.5
06/10/2019 16:00,212.88
06/11/2019 16:00,217.1
06/12/2019 16:00,209.26
6/13/2019 16:00:00,213.91
6/14/2019 16:00:00,214.92
6/17/2019 16:00:00,225.03
6/18/2019 16:00:00,224.74
6/19/2019 16:00:00,226.43
6/20/2019 16:00:00,219.62
6/21/2019 16:00:00,221.86
6/24/2019 16:00:00,223.64
6/25/2019 16:00:00,219.76
6/26/2019 16:00:00,219.27
6/27/2019 16:00:00,222.84
6/28/2019 16:00:00,223.46
07/01/2019 16:00,227.17
07/02/2019 16:00,224.55
07/03/2019 13:00,234.9
07/05/2019 16:00,233.1
07/08/2019 16:00,230.34
07/09/2019 16:00,230.06
07/10/2019 16:00,238.92
07/11/2019 16:00,238.6
07/12/2019 16:00,245.08
7/15/2019 16:00:00,253.5
7/16/2019 16:00:00,252.38
7/17/2019 16:00:00,254.86
7/18/2019 16:00:00,253.54
7/19/2019 16:00:00,258.18
7/22/2019 16:00:00,255.68
7/23/2019 16:00:00,260.17
7/24/2019 16:00:00,264.88
7/25/2019 16:00:00,228.82
7/26/2019 16:00:00,228.04
7/29/2019 16:00:00,235.77
7/30/2019 16:00:00,242.26
7/31/2019 16:00:00,241.61
08/01/2019 16:00,233.85
08/02/2019 16:00,234.34
08/05/2019 16:00,228.32
08/06/2019 16:00,230.75
08/07/2019 16:00,233.42
08/08/2019 16:00,238.3
08/09/2019 16:00,235.01
08/12/2019 16:00,229.01
8/13/2019 16:00:00,235
8/14/2019 16:00:00,219.62
8/15/2019 16:00:00,215.64
8/16/2019 16:00:00,219.94
8/19/2019 16:00:00,226.83
8/20/2019 16:00:00,225.86
8/21/2019 16:00:00,220.83
8/22/2019 16:00:00,222.15
8/23/2019 16:00:00,211.4
8/26/2019 16:00:00,215
8/27/2019 16:00:00,214.08
8/28/2019 16:00:00,215.59
8/29/2019 16:00:00,221.71
8/30/2019 16:00:00,225.61
09/03/2019 16:00,225.01
09/04/2019 16:00,220.68
09/05/2019 16:00,229.58
09/06/2019 16:00,227.45
09/09/2019 16:00,231.79
09/10/2019 16:00,235.54
09/11/2019 16:00,247.1
09/12/2019 16:00,245.87
9/13/2019 16:00:00,245.2
9/16/2019 16:00:00,242.81
9/17/2019 16:00:00,244.79
9/18/2019 16:00:00,243.49
9/19/2019 16:00:00,246.6
9/20/2019 16:00:00,240.62
9/23/2019 16:00:00,241.23
9/24/2019 16:00:00,223.21
9/25/2019 16:00:00,228.7
9/26/2019 16:00:00,242.56
9/27/2019 16:00:00,242.13
9/30/2019 16:00:00,240.87
10/01/2019 16:00,244.69
10/02/2019 16:00,243.13
10/03/2019 16:00,233.03
10/04/2019 16:00,231.43
10/07/2019 16:00,237.72
10/08/2019 16:00,240.05
10/09/2019 16:00,244.53
10/10/2019 16:00,244.74
10/11/2019 16:00,247.89
10/14/2019 16:00:00,256.96
10/15/2019 16:00:00,257.89
10/16/2019 16:00:00,259.75
10/17/2019 16:00:00,261.97
10/18/2019 16:00:00,256.95
10/21/2019 16:00:00,253.5
10/22/2019 16:00:00,255.58
10/23/2019 16:00:00,254.68
10/24/2019 16:00:00,299.68
10/25/2019 16:00:00,328.13
10/28/2019 16:00:00,327.71
10/29/2019 16:00:00,316.22
10/30/2019 16:00:00,315.01
10/31/2019 16:00:00,314.92
11/01/2019 16:00,313.31
11/04/2019 16:00,317.47
11/05/2019 16:00,317.22
11/06/2019 16:00,326.58
11/07/2019 16:00,335.54
11/08/2019 16:00,337.14
11/11/2019 16:00,345.09
11/12/2019 16:00,349.93
11/13/2019 16:00:00,346.11
11/14/2019 16:00:00,349.35
11/15/2019 16:00:00,352.17
11/18/2019 16:00:00,349.99
11/19/2019 16:00:00,359.52
11/20/2019 16:00:00,352.22
11/21/2019 16:00:00,354.83
11/22/2019 16:00:00,333.04
11/25/2019 16:00:00,336.34
11/26/2019 16:00:00,328.92
11/27/2019 16:00:00,331.29
11/29/2019 13:00:00,329.94
12/02/2019 16:00,334.87
12/03/2019 16:00,336.2
12/04/2019 16:00,333.03
12/05/2019 16:00,330.37
12/06/2019 16:00,335.89
12/09/2019 16:00,339.53
12/10/2019 16:00,348.84
12/11/2019 16:00,352.7
12/12/2019 16:00,359.68
12/13/2019 16:00:00,358.39
12/16/2019 16:00:00,381.5
12/17/2019 16:00:00,378.99
12/18/2019 16:00:00,393.15
12/19/2019 16:00:00,404.04
12/20/2019 16:00:00,405.59
12/23/2019 16:00:00,419.22
12/24/2019 13:00:00,425.25
12/26/2019 16:00:00,430.94
12/27/2019 16:00:00,430.38
12/30/2019 16:00:00,414.7
12/31/2019 16:00:00,418.33
01/02/2020 16:00,430.26
01/03/2020 16:00,443.01
01/06/2020 16:00,451.54
01/07/2020 16:00,469.06
01/08/2020 16:00,492.14
01/09/2020 16:00,481.34
01/10/2020 16:00,478.15
1/13/2020 16:00:00,524.86
1/14/2020 16:00:00,537.92
1/15/2020 16:00:00,518.5
1/16/2020 16:00:00,513.49
1/17/2020 16:00:00,510.5
1/21/2020 16:00:00,547.2
1/22/2020 16:00:00,569.56
1/23/2020 16:00:00,572.2
1/24/2020 16:00:00,564.82
1/27/2020 16:00:00,558.02
1/28/2020 16:00:00,566.9
1/29/2020 16:00:00,580.99
1/30/2020 16:00:00,640.81
1/31/2020 16:00:00,650.57
02/03/2020 16:00,780
02/04/2020 16:00,887.06
02/05/2020 16:00,734.7
02/06/2020 16:00,748.96
02/07/2020 16:00,748.07
02/10/2020 16:00,771.28
02/11/2020 16:00,774.38
02/12/2020 16:00,767.29
2/13/2020 16:00:00,804
2/14/2020 16:00:00,800.03
2/18/2020 16:00:00,858.4
2/19/2020 16:00:00,917.42
2/20/2020 16:00:00,899.41
2/21/2020 16:00:00,901
2/24/2020 16:00:00,833.79
2/25/2020 16:00:00,799.91
2/26/2020 16:00:00,778.8
2/27/2020 16:00:00,679
2/28/2020 16:00:00,667.99
03/02/2020 16:00,743.62
03/03/2020 16:00,745.51
03/04/2020 16:00,749.5
03/05/2020 16:00,724.54
03/06/2020 16:00,703.48
03/09/2020 16:00,608
03/10/2020 16:00,645.33
03/11/2020 16:00,634.23
03/12/2020 16:00,560.55
3/13/2020 16:00:00,546.62
3/16/2020 16:00:00,445.07
3/17/2020 16:00:00,430.2
3/18/2020 16:00:00,361.22
3/19/2020 16:00:00,427.64
3/20/2020 16:00:00,427.53
3/23/2020 16:00:00,434.29
3/24/2020 16:00:00,505
3/25/2020 16:00:00,539.25
3/26/2020 16:00:00,528.16
3/27/2020 16:00:00,514.36
3/30/2020 16:00:00,502.13
3/31/2020 16:00:00,524
04/01/2020 16:00,481.56
04/02/2020 16:00,454.47
04/03/2020 16:00,480.01
04/06/2020 16:00,516.24
04/07/2020 16:00,545.45
04/08/2020 16:00,548.84
04/09/2020 16:00,573
4/13/2020 16:00:00,650.95
4/14/2020 16:00:00,709.89
4/15/2020 16:00:00,729.83
4/16/2020 16:00:00,745.21
4/17/2020 16:00:00,753.89
4/20/2020 16:00:00,746.36
4/21/2020 16:00:00,686.72
4/22/2020 16:00:00,732.11
4/23/2020 16:00:00,705.63
4/24/2020 16:00:00,725.15
4/27/2020 16:00:00,798.75
4/28/2020 16:00:00,769.12
4/29/2020 16:00:00,800.51
4/30/2020 16:00:00,781.88
05/01/2020 16:00,701.32
05/04/2020 16:00,761.19
05/05/2020 16:00,768.21
05/06/2020 16:00,782.58
05/07/2020 16:00,780.04
05/08/2020 16:00,819.42
05/11/2020 16:00,811.29
05/12/2020 16:00,809.41
5/13/2020 16:00:00,790.96
5/14/2020 16:00:00,803.33
5/15/2020 16:00:00,799.17
5/18/2020 16:00:00,813.63
5/19/2020 16:00:00,808.01
5/20/2020 16:00:00,815.56
5/21/2020 16:00:00,827.6
5/22/2020 16:00:00,816.88
5/26/2020 16:00:00,818.87
5/27/2020 16:00:00,820.23
5/28/2020 16:00:00,805.81
5/29/2020 16:00:00,835
06/01/2020 16:00,898.1
06/02/2020 16:00,881.56
06/03/2020 16:00,882.96
06/04/2020 16:00,864.38
06/05/2020 16:00,885.66
06/08/2020 16:00,949.92
06/09/2020 16:00,940.67
06/10/2020 16:00,1025.05
06/11/2020 16:00,972.84
06/12/2020 16:00,935.28
6/15/2020 16:00:00,990.9
6/16/2020 16:00:00,982.13
6/17/2020 16:00:00,991.79
6/18/2020 16:00:00,1003.96
6/19/2020 16:00:00,1000.9
6/22/2020 16:00:00,994.32
6/23/2020 16:00:00,1001.78
6/24/2020 16:00:00,960.85
6/25/2020 16:00:00,985.98
6/26/2020 16:00:00,959.74
6/29/2020 16:00:00,1009.35
6/30/2020 16:00:00,1079.81
07/01/2020 16:00,1119.63
07/02/2020 16:00,1208.66
07/06/2020 16:00,1371.58
07/07/2020 16:00,1389.86
07/08/2020 16:00,1365.88
07/09/2020 16:00,1394.28
07/10/2020 16:00,1544.65
7/13/2020 16:00:00,1497.06
7/14/2020 16:00:00,1516.8
7/15/2020 16:00:00,1546.01
7/16/2020 16:00:00,1500.64
7/17/2020 16:00:00,1500.84
7/20/2020 16:00:00,1643
7/21/2020 16:00:00,1568.36
7/22/2020 16:00:00,1592.33
7/23/2020 16:00:00,1513.07
7/24/2020 16:00:00,1417
7/27/2020 16:00:00,1539.6
7/28/2020 16:00:00,1476.49
7/29/2020 16:00:00,1499.11
7/30/2020 16:00:00,1487.49
7/31/2020 16:00:00,1430.76
08/03/2020 16:00,1485
08/04/2020 16:00,1487
08/05/2020 16:00,1485.02
08/06/2020 16:00,1489.58
08/07/2020 16:00,1452.71
08/10/2020 16:00,1418.57
08/11/2020 16:00,1374.39
08/12/2020 16:00,1554.76